sbject  join  focus  groups  to  earn  money  la  carte  research  recruits  for  ocus  groups  across  he  country  focus  groups  re  an  easy  way  to  make  some  extra  money  for  just  couple  of  hours  of  your  time  each  group  is  only  for  the  purpose  of  learnin  yur  opinions  you  can  be  ssured  that  there  will  be  no  sales  presentation  and  you  wll  not  be  asked  to  buy  anything  everything  that  is  mentioned  will  be  held  in  the  strictes  of  confidence  focus  groups  let  you  express  your  opinions  on  whateve  subject  is  eing  discussed  and  we  actually  pay  you  for  those  opinions  if  ou  woud  like  to  be  added  to  our  list  of  possible  future  respondents  then  click  to  fill  out  the  registration  form  if  you  have  any  questions  about  this  questionnaire  please  mail  me  at  register  com  sincerely  john  mooney,1
subject  joi  focus  groups  to  earn  money  la  carte  research  recruits  for  focus  groups  across  the  country  focus  groups  are  an  easy  way  to  make  some  extra  money  for  just  couple  of  hours  of  you  time  each  group  is  only  for  the  purpose  of  learning  your  opinions  you  can  be  assured  that  there  will  be  no  sales  presentation  and  you  wil  no  be  asked  to  buy  anything  everything  that  s  mentioned  will  be  held  in  the  strictest  of  conidence  focus  groups  let  you  express  your  pinions  on  whaever  subject  is  being  discussed  and  we  actually  pay  you  for  those  opinions  i  you  would  like  o  b  added  to  our  list  of  possible  future  respondents  then  click  to  fil  out  the  registration  form  if  you  have  any  questions  about  this  questionnaire  please  mail  e  at  register  com  sincerely  john  mooney,1
subject  join  focs  groups  to  earn  money  l  carte  research  rcruits  for  focus  groups  across  the  country  focus  groups  are  an  easy  way  to  make  some  extra  money  for  just  couple  of  hours  o  your  time  each  group  is  only  for  the  prpose  of  learning  your  opinions  you  can  be  assured  that  there  will  be  no  sales  presentation  and  yu  wll  not  be  asked  to  buy  anything  everything  that  is  mentioned  will  be  held  in  the  stritest  of  confidence  focus  roups  let  you  express  your  opinions  on  whatever  subject  is  being  discussed  and  we  actually  pay  you  for  those  opinions  if  you  would  like  to  be  added  to  ur  list  of  possible  fuure  respondents  then  click  to  fill  out  the  registration  form  if  you  have  any  questions  abut  this  questionnaire  please  mail  me  at  register  om  sincerely  john  mooney,1
subject  join  focus  groups  t  ear  money  la  carte  research  recruits  for  focus  groups  across  the  country  focus  groups  are  an  easy  wa  to  make  some  extra  money  for  just  couple  o  ours  of  your  time  each  group  is  only  for  the  purpose  of  learning  your  opinions  you  can  be  assured  that  there  will  be  no  sales  presentation  and  you  will  no  be  asked  to  buy  anything  everything  that  is  mentioned  will  be  held  i  the  strictest  of  confidence  focus  groups  let  you  express  your  opinions  on  whatever  subject  is  being  discussed  and  we  actually  ay  you  for  those  opinions  if  you  would  like  t  be  added  to  our  list  of  possible  future  respondents  then  click  to  fill  out  the  registraion  form  if  you  hav  any  questions  about  this  questionnaire  please  mail  me  t  register  cm  sincerely  john  mooney,1
subject  join  focus  groups  t  earn  money  a  carte  research  recruits  for  focus  groups  across  the  country  fcus  groups  are  an  easy  way  to  make  some  extra  money  for  just  couple  of  hours  of  your  time  each  group  is  only  fr  the  pupose  of  learning  your  opinions  you  can  be  assured  that  there  will  e  no  sales  presentation  an  you  will  not  be  asked  to  buy  anything  everything  that  is  mentioned  will  be  held  in  the  strictest  of  confidence  focus  groups  let  you  express  your  opinions  on  whatever  sbjec  is  being  discussed  and  we  actually  pay  you  for  those  opinions  if  you  would  like  to  be  adde  t  our  list  of  possible  future  respondents  then  click  to  fill  out  the  registration  form  f  you  hae  any  questions  about  this  questionnaire  please  mail  me  at  register  com  sincerely  john  mooney,1
subject  join  focus  groups  to  ean  money  la  carte  reserch  recruits  for  focus  groups  across  th  country  focus  groups  are  an  easy  way  to  make  some  extra  money  for  just  couple  of  hours  of  your  time  each  group  is  only  fo  the  purpose  of  learning  your  opinion  you  can  be  assured  that  there  will  be  no  sales  presentation  and  you  will  not  be  asked  to  buy  nything  everything  that  is  mentioned  will  be  hel  in  the  strictest  f  confidence  focus  groups  let  you  express  your  opinions  on  whatever  subject  is  being  discussed  and  we  actually  pay  ou  for  those  opinins  if  you  would  like  to  be  aded  to  our  list  of  possible  future  respondents  then  clic  to  fill  out  the  registration  for  if  you  have  any  questions  about  this  questionnaire  please  mail  me  at  register  com  sincerely  john  mooney,1
subject  join  focus  groups  to  earn  mone  la  carte  research  recruits  for  focus  groups  across  the  country  focus  groups  are  an  easy  way  to  make  some  extra  money  for  just  couple  of  hours  of  your  time  ach  group  is  only  for  the  purpose  of  learning  your  opinions  yo  can  e  assured  that  thee  will  be  no  sales  presentation  and  you  will  not  be  asked  to  buy  anything  everything  that  is  mentioned  will  be  held  in  the  strictest  of  confidence  focus  groups  let  you  express  your  opinions  on  whatever  ubject  is  being  discussed  and  we  actually  pay  you  fr  those  opinions  if  you  would  like  o  be  added  to  our  list  o  possible  future  respondents  then  click  to  fill  out  the  registration  for  if  you  have  any  questions  about  ths  questionnaire  please  mil  me  at  egister  com  sincerely  john  mooney,1
subject  join  focus  groups  to  earn  money  l  carte  researh  recruits  for  focus  groups  across  the  country  focs  groups  ar  an  easy  way  to  make  some  extra  money  for  just  couple  of  hours  of  your  time  each  group  is  only  for  the  purpose  of  learning  your  opinions  you  can  be  assured  that  there  will  be  no  sales  presentation  an  you  will  not  be  asked  to  buy  anything  everything  that  is  mentioned  will  be  held  in  the  strictest  of  confidence  focus  groups  et  you  express  your  opinions  on  whtever  subject  is  being  discussed  and  we  actually  pay  you  r  those  oinions  if  you  would  like  to  be  added  to  our  lst  of  possible  future  respondents  then  click  to  fill  out  the  registration  form  i  you  have  any  questions  about  this  questionnaire  please  mail  me  at  register  om  sincerely  john  mooney,1
subject  join  focus  groups  to  earn  money  la  carte  esearch  recruits  for  focus  groups  across  the  country  focus  rups  are  an  easy  ay  to  make  some  extra  money  for  just  couple  of  hours  of  your  time  each  group  s  onl  for  the  purpose  of  learning  your  opinions  you  can  be  assured  that  there  will  be  no  ales  presentation  and  you  will  not  be  asked  to  buy  anything  everything  that  is  mentioned  will  be  held  in  the  strictest  o  confidence  focus  groups  let  you  expess  your  opinions  on  whatever  subject  is  being  discussed  and  we  actually  pay  you  for  those  opinions  if  you  would  like  to  be  added  to  our  list  of  possible  future  respondents  ten  click  to  fill  out  the  registation  form  if  ou  have  any  questions  about  this  questionnaire  pleae  mail  me  at  register  com  sincerely  john  mooney,1
subject  join  focus  groups  to  earn  money  la  carte  reseach  recruits  for  focus  groups  across  the  country  focus  groups  ar  an  easy  way  to  ake  some  extra  money  for  just  couple  f  hours  of  your  time  each  group  is  only  for  th  purpose  of  learning  your  opinions  you  can  be  assured  that  there  will  be  no  sales  presentation  and  ou  will  not  be  asked  to  buy  anything  everything  that  is  mentioned  will  be  held  in  the  strictest  of  confidence  focus  grous  let  you  exprss  your  pinions  on  whatever  subect  is  being  discussed  and  we  actually  pay  you  for  those  opinions  if  you  would  lie  to  be  added  to  our  list  of  possible  future  respondents  then  click  to  fill  out  the  registration  orm  if  you  have  any  qustions  about  this  questionnaire  please  mail  me  at  register  com  sincerely  john  mooney,1
subject  join  focus  groups  to  earn  money  la  carte  research  recrui  for  focs  groups  across  the  country  focus  groups  ar  an  easy  way  o  make  some  extra  money  for  just  couple  of  hours  of  your  time  each  group  is  only  for  the  purpose  of  learning  your  opinions  you  can  be  assurd  that  there  will  be  n  sales  presentation  and  you  will  not  be  asked  to  buy  anything  everything  that  is  mentioned  will  e  held  in  the  strictest  of  confidence  focus  groups  let  yo  expess  your  opinions  on  whatever  subject  is  being  discussed  and  we  actually  pay  you  for  those  opinions  if  you  would  like  to  be  added  to  our  list  of  possible  future  respondents  then  click  to  fill  out  the  registration  fom  f  you  have  any  questions  abou  this  questionnaire  please  mail  me  at  register  com  sincerely  john  mooney,1
subject  join  focus  groups  to  earn  money  la  carte  research  recruis  for  ocus  goups  across  the  country  focus  groups  are  an  easy  way  to  make  some  extra  money  for  just  couple  of  hours  of  your  time  each  grup  is  only  for  the  purpose  of  learning  your  opinions  you  can  be  assured  that  there  will  e  no  sales  presentation  and  you  will  not  be  asked  to  buy  anything  everything  tat  is  mentioned  will  be  held  in  the  strictest  of  confidence  focus  groups  let  you  express  your  opinions  on  whatever  subject  i  being  discussed  and  we  actualy  pay  you  for  those  opinions  if  you  wold  like  t  be  added  to  our  list  of  possible  future  respondents  then  click  to  ill  out  the  registration  form  if  you  have  ny  questions  about  this  questionnaire  please  mail  me  at  register  co  sincerely  john  mooney,1
subject  join  focus  groups  to  earn  money  la  carte  research  recruits  for  focus  grous  across  the  country  focus  groups  ar  an  easy  way  to  make  ome  extra  money  for  just  cople  of  hours  of  your  time  each  group  is  only  for  the  purpose  of  learning  your  opinions  you  can  be  assured  that  there  will  be  no  sales  presentation  and  you  wil  nt  be  asked  to  buy  anything  everything  that  is  mentiond  will  be  held  in  the  strictest  of  confidence  focus  groups  let  you  express  your  opinions  on  whatever  subject  is  being  discussed  and  we  actually  pay  you  for  those  opinions  if  yo  would  like  to  be  aded  to  our  list  of  possible  future  respondents  then  click  to  fill  out  the  registration  fm  i  you  hve  any  questions  about  this  questionnaire  please  mail  me  at  register  com  sincerely  john  mooney,1
subject  join  focus  groups  to  earn  money  la  carte  research  recruits  for  fous  groups  across  the  country  ocus  groups  are  an  easy  way  to  make  some  extra  money  or  just  couple  of  hours  of  our  tie  each  group  is  only  fr  the  purpose  of  learning  your  opinions  yu  can  be  assured  that  there  will  be  no  sales  presentation  and  you  will  not  be  asked  to  buy  anything  everything  that  is  mentioned  ill  be  held  in  the  strictest  o  confidence  focus  groups  let  you  express  your  opinions  on  whatever  subject  is  being  discussed  and  we  actualy  pa  you  for  those  opinions  if  you  would  like  to  be  added  to  our  list  of  possibl  future  respondents  then  click  to  fill  out  the  registration  form  if  you  have  any  questions  about  this  uestionnaire  please  mail  me  at  register  com  sincerely  john  mooney,1
subject  join  focus  groups  to  earn  money  la  carte  research  recruits  or  focus  groups  across  the  country  focus  groups  are  an  easy  way  to  make  some  extra  money  or  just  couple  of  hours  of  your  time  each  group  is  only  or  the  purpose  of  learning  your  opinions  you  can  be  assured  that  there  will  be  no  sales  presentation  nd  you  will  not  be  asked  to  buy  anything  everything  that  is  mentioned  will  be  held  n  te  strictest  of  confidence  focus  groups  let  you  express  your  opinions  on  whatever  subject  is  being  discussed  and  w  actually  pay  yo  for  those  opinions  if  you  would  like  to  be  added  to  or  list  of  possible  future  respondents  then  click  to  fill  out  the  registration  form  if  you  have  ay  questions  about  tis  questionnaire  please  mail  me  t  register  com  sincerely  john  ooney,1
subject  join  focus  groups  to  earn  oney  la  carte  research  recruits  for  focus  groups  across  the  country  focus  groups  re  an  easy  way  to  make  sme  extra  money  for  jus  couple  of  hours  of  your  time  each  group  is  only  for  the  purpose  of  learning  our  opinions  you  can  be  assured  that  there  ill  be  no  sales  presentatin  and  you  will  not  be  asked  to  buy  anything  everything  that  is  mentioned  will  be  held  in  the  strictest  of  confidence  focus  groups  let  you  express  your  opinions  on  whatever  subject  is  being  discussed  and  w  actually  pay  you  for  those  opinons  if  you  would  like  to  be  added  to  our  list  of  possible  future  respondents  then  click  to  fill  out  the  registration  for  if  yo  hae  any  questions  about  this  questionnaire  please  mail  m  at  register  com  sincerely  john  mooney,1
subject  oin  focus  groups  to  earn  money  la  carte  research  recruits  for  focus  groups  across  the  country  focus  groups  are  an  easy  way  to  ke  some  extr  money  for  just  coupl  of  hours  of  your  time  each  group  is  ony  for  the  purpose  of  learning  your  opinions  you  can  be  assured  that  there  will  be  no  sales  presentation  and  you  will  not  be  asked  to  buy  anything  everyhing  that  is  mentioned  will  be  held  in  the  strictest  of  confidence  focus  groups  let  you  express  your  opinions  on  whatever  subject  s  being  discussed  and  we  actually  pay  yo  for  those  opinions  if  you  would  like  to  be  added  to  our  list  of  possible  future  respondents  then  click  to  fill  out  the  registration  form  if  you  have  any  questions  about  this  uestionnaire  please  mai  me  a  register  com  sincerely  joh  mooney,1
subject  oin  focus  groups  to  earn  money  la  carte  research  recruits  for  focus  groups  across  the  country  focus  groups  are  an  easy  way  to  make  ome  extra  money  for  jst  couple  of  hours  of  your  time  each  group  is  only  for  the  purpose  of  learning  your  opinions  you  can  be  assured  that  there  will  be  no  sales  presentation  and  you  wil  not  be  asked  to  uy  anything  everything  that  is  mentioned  will  be  held  in  the  strictest  of  confidence  focus  groups  let  you  express  your  opinions  on  whatever  subject  is  being  discussed  and  e  actully  py  you  for  those  opinions  if  you  would  like  to  b  added  to  our  list  of  possible  future  respondents  then  click  t  fll  out  te  registration  form  if  you  have  any  questions  about  this  questionnaire  please  mail  m  at  register  com  sincerely  john  mooney,1
ubject  join  focus  groups  to  earn  money  la  carte  research  recruits  for  focus  groups  across  the  country  focu  groups  are  a  asy  way  to  make  sme  extra  money  for  just  couple  f  hours  of  your  time  each  group  is  only  for  the  purpose  of  learning  your  opinions  you  can  be  assured  that  there  will  be  no  sales  presentation  and  you  will  not  be  askd  to  buy  anything  everything  that  is  mentiond  will  be  held  in  the  strictest  of  confidence  focus  groups  let  you  express  your  opinions  on  whatever  subject  is  being  discussed  and  we  actually  pay  ou  for  those  opinions  if  you  wuld  like  to  be  added  to  ur  list  of  possible  future  respondents  then  click  to  fill  out  the  registration  form  if  you  hve  any  questions  about  his  questionnaire  please  mail  me  at  register  com  sincerely  john  mooney,1
ubject  join  focus  groups  to  earn  money  la  carte  research  recruits  for  focus  groups  across  the  country  focus  groups  are  an  easy  way  to  make  some  extra  money  fr  just  couple  of  hours  of  your  time  each  group  is  only  for  the  purpose  of  learning  your  opinions  you  can  be  assured  hat  there  will  be  no  sales  presentation  and  you  will  not  be  asked  to  buy  anything  eerything  hat  is  mentioned  will  be  held  in  the  strictest  of  confidence  focus  groups  let  you  express  your  opinios  on  whatever  subject  i  being  discussed  and  we  actully  pay  you  for  thse  opinions  if  yu  would  like  to  be  added  to  our  list  of  possible  uture  respondents  then  click  to  fill  out  the  registration  form  if  you  have  ay  questions  about  this  questinnaire  please  mail  me  at  register  com  sincerely  john  mooney,1
subject  pe  ranking  below  is  your  spreadsheet  this  one  has  your  direct  reports  on  it  the  other  spreadsheet  sent  to  your  p  directors  didn  show  this  fyi  thx,0
subject  pr  ranking  below  is  your  spreadsheet  this  one  has  you  direct  reports  on  it  the  other  spreadsheet  sent  to  your  vp  directors  didn  show  this  fyi  thx,0
subject  pre  rankig  below  is  your  spreadsheet  this  one  has  your  direct  reports  on  it  the  other  spreadsheet  sent  to  your  vp  directors  didn  show  this  fyi  tx,0
subject  pre  ranking  below  is  yor  spreadsheet  this  one  has  yur  direct  reports  on  it  the  other  spreadsheet  sent  to  your  vp  directors  didn  show  this  fyi  thx,0
subject  pre  ranking  below  is  your  spreadseet  this  one  has  your  direct  reports  on  it  the  ther  spreadsheet  sent  to  your  vp  directors  didn  show  this  fyi  thx,0
subject  pre  ranking  below  is  your  spreadsheet  this  one  has  your  direct  reports  o  it  the  other  spreadsheet  sent  to  your  vp  director  didn  show  this  fyi  thx,0
subject  pre  ranking  below  is  your  spreadsheet  this  one  has  your  direct  reports  on  it  th  other  spreadsheet  sent  to  our  vp  directors  didn  show  this  fyi  thx,0
subject  pre  ranking  below  is  your  spreadsheet  this  one  has  your  direct  reports  on  it  the  other  spreadsheet  sent  to  your  vp  diectors  did  show  this  fyi  thx,0
subject  pre  ranking  below  is  your  spreadsheet  this  one  has  your  direct  reports  on  it  the  other  spreadsheet  sent  to  your  vp  directors  didn  shw  this  fi  thx,0
subject  pre  ranking  below  is  your  spreadsheet  this  one  has  your  direct  reports  on  it  the  other  spreadsheet  sent  to  your  vp  directos  didn  show  this  fyi  tx,0
subject  pre  ranking  below  is  your  spreadsheet  this  one  has  your  direct  reports  on  it  the  othr  spreadsheet  sent  to  your  v  directors  didn  show  this  fyi  thx,0
subject  pre  ranking  below  is  your  spreadsheet  this  one  has  your  direct  reprts  on  it  the  other  spreadsheet  set  to  your  vp  directors  didn  show  this  fyi  thx,0
subject  pre  ranking  below  is  your  spreadsheet  ths  on  has  your  direct  reports  on  it  the  other  spreadsheet  sent  to  your  vp  directors  didn  show  this  fyi  thx,0
subject  pre  ranking  below  is  your  spreadshet  this  one  has  your  direct  reports  on  i  the  other  spreadsheet  sent  to  your  vp  directors  didn  show  this  fyi  thx,0
subject  pre  ranking  beow  is  your  spreadsheet  this  one  has  your  direc  reports  on  it  the  other  spreadsheet  sent  to  your  vp  directors  didn  show  this  fyi  thx,0
subject  re  rankin  below  is  your  spreadsheet  this  one  has  your  direct  reports  on  it  the  other  spreadsheet  sent  to  your  vp  directors  didn  show  this  fyi  thx,0
subjet  pre  ranking  below  is  your  spreadsheet  this  one  has  your  direct  reports  o  it  the  other  spreadsheet  sent  to  your  vp  directors  didn  show  this  fyi  thx,0
suject  pre  ranking  below  is  your  preadsheet  this  one  has  your  direct  reports  on  it  the  other  spreadsheet  sent  to  your  vp  directors  didn  show  this  fyi  thx,0
suject  pre  ranking  below  is  your  spreadsheet  this  one  has  your  direct  reports  on  it  the  other  spreadsheet  sent  to  yor  vp  directors  didn  show  this  fyi  thx,0
ubject  pre  ranking  below  is  your  spreadsheet  this  one  has  your  dirct  reports  on  it  the  other  spreadsheet  sent  to  your  vp  directors  didn  show  this  fyi  thx,0
